id;listing_id;price;bedrooms;baths;sq_footage;address;neighborhood;image;similar_id
1;1;7000000;7;3;4000;Scott St;Noe Valley, San Francisco, CA;https://loremflickr.com/320/240/home;72
2;1;7000000;7;3;4000;Scott St;Noe Valley, San Francisco, CA;https://loremflickr.com/320/240/home;94
3;1;7000000;7;3;4000;Scott St;Noe Valley, San Francisco, CA;https://loremflickr.com/320/240/home;54
4;1;7000000;7;3;4000;Scott St;Noe Valley, San Francisco, CA;https://loremflickr.com/320/240/home;45
5;1;7000000;7;3;4000;Scott St;Noe Valley, San Francisco, CA;https://loremflickr.com/320/240/home;50
6;1;7000000;7;3;4000;Scott St;Noe Valley, San Francisco, CA;https://loremflickr.com/320/240/home;42
7;1;7000000;7;3;4000;Scott St;Noe Valley, San Francisco, CA;https://loremflickr.com/320/240/home;100
8;2;10000000;3;6;5500;Presidio Ter;Bernal Heights, San Francisco, CA;https://loremflickr.com/320/240/home;86
9;2;10000000;3;6;5500;Presidio Ter;Bernal Heights, San Francisco, CA;https://loremflickr.com/320/240/home;59
10;2;10000000;3;6;5500;Presidio Ter;Bernal Heights, San Francisco, CA;https://loremflickr.com/320/240/home;31
11;2;10000000;3;6;5500;Presidio Ter;Bernal Heights, San Francisco, CA;https://loremflickr.com/320/240/home;40
12;2;10000000;3;6;5500;Presidio Ter;Bernal Heights, San Francisco, CA;https://loremflickr.com/320/240/home;12
13;2;10000000;3;6;5500;Presidio Ter;Bernal Heights, San Francisco, CA;https://loremflickr.com/320/240/home;31
14;2;10000000;3;6;5500;Presidio Ter;Bernal Heights, San Francisco, CA;https://loremflickr.com/320/240/home;27
15;2;10000000;3;6;5500;Presidio Ter;Bernal Heights, San Francisco, CA;https://loremflickr.com/320/240/home;41
16;2;10000000;3;6;5500;Presidio Ter;Bernal Heights, San Francisco, CA;https://loremflickr.com/320/240/home;56
17;2;10000000;3;6;5500;Presidio Ter;Bernal Heights, San Francisco, CA;https://loremflickr.com/320/240/home;33
18;3;10000000;7;3;5000;Glenbrook Ave;Pacific Heights, San Francisco, CA;https://loremflickr.com/320/240/home;31
19;3;10000000;7;3;5000;Glenbrook Ave;Pacific Heights, San Francisco, CA;https://loremflickr.com/320/240/home;51
20;3;10000000;7;3;5000;Glenbrook Ave;Pacific Heights, San Francisco, CA;https://loremflickr.com/320/240/home;1
21;3;10000000;7;3;5000;Glenbrook Ave;Pacific Heights, San Francisco, CA;https://loremflickr.com/320/240/home;9
22;3;10000000;7;3;5000;Glenbrook Ave;Pacific Heights, San Francisco, CA;https://loremflickr.com/320/240/home;31
23;3;10000000;7;3;5000;Glenbrook Ave;Pacific Heights, San Francisco, CA;https://loremflickr.com/320/240/home;92
24;4;8000000;5;3;4000;Scott St;Noe Valley, San Francisco, CA;https://loremflickr.com/320/240/home;34
25;4;8000000;5;3;4000;Scott St;Noe Valley, San Francisco, CA;https://loremflickr.com/320/240/home;72
26;4;8000000;5;3;4000;Scott St;Noe Valley, San Francisco, CA;https://loremflickr.com/320/240/home;65
27;4;8000000;5;3;4000;Scott St;Noe Valley, San Francisco, CA;https://loremflickr.com/320/240/home;85
28;4;8000000;5;3;4000;Scott St;Noe Valley, San Francisco, CA;https://loremflickr.com/320/240/home;16
29;4;8000000;5;3;4000;Scott St;Noe Valley, San Francisco, CA;https://loremflickr.com/320/240/home;40
30;4;8000000;5;3;4000;Scott St;Noe Valley, San Francisco, CA;https://loremflickr.com/320/240/home;29
31;4;8000000;5;3;4000;Scott St;Noe Valley, San Francisco, CA;https://loremflickr.com/320/240/home;6
32;4;8000000;5;3;4000;Scott St;Noe Valley, San Francisco, CA;https://loremflickr.com/320/240/home;45
33;5;9000000;3;2;4500;Scott St;Castro, San Francisco, CA;https://loremflickr.com/320/240/home;77
34;5;9000000;3;2;4500;Scott St;Castro, San Francisco, CA;https://loremflickr.com/320/240/home;17
35;5;9000000;3;2;4500;Scott St;Castro, San Francisco, CA;https://loremflickr.com/320/240/home;78
36;5;9000000;3;2;4500;Scott St;Castro, San Francisco, CA;https://loremflickr.com/320/240/home;27
37;5;9000000;3;2;4500;Scott St;Castro, San Francisco, CA;https://loremflickr.com/320/240/home;56
38;5;9000000;3;2;4500;Scott St;Castro, San Francisco, CA;https://loremflickr.com/320/240/home;87
39;5;9000000;3;2;4500;Scott St;Castro, San Francisco, CA;https://loremflickr.com/320/240/home;45
40;5;9000000;3;2;4500;Scott St;Castro, San Francisco, CA;https://loremflickr.com/320/240/home;94
41;5;9000000;3;2;4500;Scott St;Castro, San Francisco, CA;https://loremflickr.com/320/240/home;2
42;6;8000000;4;5;4000;Glenbrook Ave;Bernal Heights, San Francisco, CA;https://loremflickr.com/320/240/home;99
43;6;8000000;4;5;4000;Glenbrook Ave;Bernal Heights, San Francisco, CA;https://loremflickr.com/320/240/home;80
44;6;8000000;4;5;4000;Glenbrook Ave;Bernal Heights, San Francisco, CA;https://loremflickr.com/320/240/home;31
45;6;8000000;4;5;4000;Glenbrook Ave;Bernal Heights, San Francisco, CA;https://loremflickr.com/320/240/home;11
46;7;10000000;5;6;4000;Sea Cliff Ave;Pacific Heights, San Francisco, CA;https://loremflickr.com/320/240/home;14
47;7;10000000;5;6;4000;Sea Cliff Ave;Pacific Heights, San Francisco, CA;https://loremflickr.com/320/240/home;88
48;7;10000000;5;6;4000;Sea Cliff Ave;Pacific Heights, San Francisco, CA;https://loremflickr.com/320/240/home;54
49;7;10000000;5;6;4000;Sea Cliff Ave;Pacific Heights, San Francisco, CA;https://loremflickr.com/320/240/home;64
50;7;10000000;5;6;4000;Sea Cliff Ave;Pacific Heights, San Francisco, CA;https://loremflickr.com/320/240/home;71
51;7;10000000;5;6;4000;Sea Cliff Ave;Pacific Heights, San Francisco, CA;https://loremflickr.com/320/240/home;11
52;7;10000000;5;6;4000;Sea Cliff Ave;Pacific Heights, San Francisco, CA;https://loremflickr.com/320/240/home;1
53;7;10000000;5;6;4000;Sea Cliff Ave;Pacific Heights, San Francisco, CA;https://loremflickr.com/320/240/home;75
54;7;10000000;5;6;4000;Sea Cliff Ave;Pacific Heights, San Francisco, CA;https://loremflickr.com/320/240/home;30
55;7;10000000;5;6;4000;Sea Cliff Ave;Pacific Heights, San Francisco, CA;https://loremflickr.com/320/240/home;33
56;7;10000000;5;6;4000;Sea Cliff Ave;Pacific Heights, San Francisco, CA;https://loremflickr.com/320/240/home;56
57;8;9000000;6;5;4000;Scott St;Pacific Heights, San Francisco, CA;https://loremflickr.com/320/240/home;86
58;8;9000000;6;5;4000;Scott St;Pacific Heights, San Francisco, CA;https://loremflickr.com/320/240/home;51
59;9;7000000;7;6;4000;Marina Blvd;Pacific Heights, San Francisco, CA;https://loremflickr.com/320/240/home;16
60;9;7000000;7;6;4000;Marina Blvd;Pacific Heights, San Francisco, CA;https://loremflickr.com/320/240/home;97
61;9;7000000;7;6;4000;Marina Blvd;Pacific Heights, San Francisco, CA;https://loremflickr.com/320/240/home;40
62;9;7000000;7;6;4000;Marina Blvd;Pacific Heights, San Francisco, CA;https://loremflickr.com/320/240/home;98
63;9;7000000;7;6;4000;Marina Blvd;Pacific Heights, San Francisco, CA;https://loremflickr.com/320/240/home;9
64;9;7000000;7;6;4000;Marina Blvd;Pacific Heights, San Francisco, CA;https://loremflickr.com/320/240/home;6
65;9;7000000;7;6;4000;Marina Blvd;Pacific Heights, San Francisco, CA;https://loremflickr.com/320/240/home;24
66;10;7000000;6;5;5000;Glenbrook Ave;Seacliff, San Francisco, CA;https://loremflickr.com/320/240/home;68
67;10;7000000;6;5;5000;Glenbrook Ave;Seacliff, San Francisco, CA;https://loremflickr.com/320/240/home;29
68;10;7000000;6;5;5000;Glenbrook Ave;Seacliff, San Francisco, CA;https://loremflickr.com/320/240/home;57
69;10;7000000;6;5;5000;Glenbrook Ave;Seacliff, San Francisco, CA;https://loremflickr.com/320/240/home;33
70;10;7000000;6;5;5000;Glenbrook Ave;Seacliff, San Francisco, CA;https://loremflickr.com/320/240/home;6
71;10;7000000;6;5;5000;Glenbrook Ave;Seacliff, San Francisco, CA;https://loremflickr.com/320/240/home;23
72;10;7000000;6;5;5000;Glenbrook Ave;Seacliff, San Francisco, CA;https://loremflickr.com/320/240/home;45
73;11;6000000;3;4;4000;Sea Cliff Ave;Seacliff, San Francisco, CA;https://loremflickr.com/320/240/home;9
74;11;6000000;3;4;4000;Sea Cliff Ave;Seacliff, San Francisco, CA;https://loremflickr.com/320/240/home;89
75;11;6000000;3;4;4000;Sea Cliff Ave;Seacliff, San Francisco, CA;https://loremflickr.com/320/240/home;92
76;11;6000000;3;4;4000;Sea Cliff Ave;Seacliff, San Francisco, CA;https://loremflickr.com/320/240/home;93
77;12;9000000;6;5;4500;Sea Cliff Ave;Seacliff, San Francisco, CA;https://loremflickr.com/320/240/home;18
78;12;9000000;6;5;4500;Sea Cliff Ave;Seacliff, San Francisco, CA;https://loremflickr.com/320/240/home;17
79;13;7000000;6;2;3500;Scott St;Pacific Heights, San Francisco, CA;https://loremflickr.com/320/240/home;68
80;13;7000000;6;2;3500;Scott St;Pacific Heights, San Francisco, CA;https://loremflickr.com/320/240/home;73
81;14;10000000;4;3;5500;Marina Blvd;Seacliff, San Francisco, CA;https://loremflickr.com/320/240/home;51
82;14;10000000;4;3;5500;Marina Blvd;Seacliff, San Francisco, CA;https://loremflickr.com/320/240/home;15
83;14;10000000;4;3;5500;Marina Blvd;Seacliff, San Francisco, CA;https://loremflickr.com/320/240/home;56
84;14;10000000;4;3;5500;Marina Blvd;Seacliff, San Francisco, CA;https://loremflickr.com/320/240/home;41
85;14;10000000;4;3;5500;Marina Blvd;Seacliff, San Francisco, CA;https://loremflickr.com/320/240/home;80
86;14;10000000;4;3;5500;Marina Blvd;Seacliff, San Francisco, CA;https://loremflickr.com/320/240/home;71
87;14;10000000;4;3;5500;Marina Blvd;Seacliff, San Francisco, CA;https://loremflickr.com/320/240/home;37
88;14;10000000;4;3;5500;Marina Blvd;Seacliff, San Francisco, CA;https://loremflickr.com/320/240/home;66
89;14;10000000;4;3;5500;Marina Blvd;Seacliff, San Francisco, CA;https://loremflickr.com/320/240/home;5
90;14;10000000;4;3;5500;Marina Blvd;Seacliff, San Francisco, CA;https://loremflickr.com/320/240/home;26
91;14;10000000;4;3;5500;Marina Blvd;Seacliff, San Francisco, CA;https://loremflickr.com/320/240/home;67
92;15;6000000;7;4;5000;Glenbrook Ave;Castro, San Francisco, CA;https://loremflickr.com/320/240/home;83
93;15;6000000;7;4;5000;Glenbrook Ave;Castro, San Francisco, CA;https://loremflickr.com/320/240/home;36
94;15;6000000;7;4;5000;Glenbrook Ave;Castro, San Francisco, CA;https://loremflickr.com/320/240/home;68
95;15;6000000;7;4;5000;Glenbrook Ave;Castro, San Francisco, CA;https://loremflickr.com/320/240/home;60
96;15;6000000;7;4;5000;Glenbrook Ave;Castro, San Francisco, CA;https://loremflickr.com/320/240/home;17
97;15;6000000;7;4;5000;Glenbrook Ave;Castro, San Francisco, CA;https://loremflickr.com/320/240/home;91
98;15;6000000;7;4;5000;Glenbrook Ave;Castro, San Francisco, CA;https://loremflickr.com/320/240/home;30
99;15;6000000;7;4;5000;Glenbrook Ave;Castro, San Francisco, CA;https://loremflickr.com/320/240/home;57
100;16;8000000;3;4;3500;Scott St;Pacific Heights, San Francisco, CA;https://loremflickr.com/320/240/home;49
101;16;8000000;3;4;3500;Scott St;Pacific Heights, San Francisco, CA;https://loremflickr.com/320/240/home;46
102;16;8000000;3;4;3500;Scott St;Pacific Heights, San Francisco, CA;https://loremflickr.com/320/240/home;51
103;16;8000000;3;4;3500;Scott St;Pacific Heights, San Francisco, CA;https://loremflickr.com/320/240/home;24
104;16;8000000;3;4;3500;Scott St;Pacific Heights, San Francisco, CA;https://loremflickr.com/320/240/home;48
105;16;8000000;3;4;3500;Scott St;Pacific Heights, San Francisco, CA;https://loremflickr.com/320/240/home;72
106;16;8000000;3;4;3500;Scott St;Pacific Heights, San Francisco, CA;https://loremflickr.com/320/240/home;70
107;16;8000000;3;4;3500;Scott St;Pacific Heights, San Francisco, CA;https://loremflickr.com/320/240/home;3
108;16;8000000;3;4;3500;Scott St;Pacific Heights, San Francisco, CA;https://loremflickr.com/320/240/home;40
109;16;8000000;3;4;3500;Scott St;Pacific Heights, San Francisco, CA;https://loremflickr.com/320/240/home;67
110;16;8000000;3;4;3500;Scott St;Pacific Heights, San Francisco, CA;https://loremflickr.com/320/240/home;76
111;17;6000000;3;4;4500;Scott St;Pacific Heights, San Francisco, CA;https://loremflickr.com/320/240/home;86
112;17;6000000;3;4;4500;Scott St;Pacific Heights, San Francisco, CA;https://loremflickr.com/320/240/home;42
113;17;6000000;3;4;4500;Scott St;Pacific Heights, San Francisco, CA;https://loremflickr.com/320/240/home;30
114;17;6000000;3;4;4500;Scott St;Pacific Heights, San Francisco, CA;https://loremflickr.com/320/240/home;32
115;17;6000000;3;4;4500;Scott St;Pacific Heights, San Francisco, CA;https://loremflickr.com/320/240/home;79
116;18;6000000;6;5;3500;Sea Cliff Ave;Castro, San Francisco, CA;https://loremflickr.com/320/240/home;94
117;19;8000000;6;5;4500;Glenbrook Ave;Castro, San Francisco, CA;https://loremflickr.com/320/240/home;3
118;19;8000000;6;5;4500;Glenbrook Ave;Castro, San Francisco, CA;https://loremflickr.com/320/240/home;46
119;19;8000000;6;5;4500;Glenbrook Ave;Castro, San Francisco, CA;https://loremflickr.com/320/240/home;82
120;20;9000000;7;2;5000;Sea Cliff Ave;Seacliff, San Francisco, CA;https://loremflickr.com/320/240/home;3
121;20;9000000;7;2;5000;Sea Cliff Ave;Seacliff, San Francisco, CA;https://loremflickr.com/320/240/home;21
122;20;9000000;7;2;5000;Sea Cliff Ave;Seacliff, San Francisco, CA;https://loremflickr.com/320/240/home;85
123;20;9000000;7;2;5000;Sea Cliff Ave;Seacliff, San Francisco, CA;https://loremflickr.com/320/240/home;38
124;20;9000000;7;2;5000;Sea Cliff Ave;Seacliff, San Francisco, CA;https://loremflickr.com/320/240/home;16
125;20;9000000;7;2;5000;Sea Cliff Ave;Seacliff, San Francisco, CA;https://loremflickr.com/320/240/home;87
126;20;9000000;7;2;5000;Sea Cliff Ave;Seacliff, San Francisco, CA;https://loremflickr.com/320/240/home;80
127;20;9000000;7;2;5000;Sea Cliff Ave;Seacliff, San Francisco, CA;https://loremflickr.com/320/240/home;11
128;21;8000000;4;4;4000;Presidio Ter;Bernal Heights, San Francisco, CA;https://loremflickr.com/320/240/home;58
129;21;8000000;4;4;4000;Presidio Ter;Bernal Heights, San Francisco, CA;https://loremflickr.com/320/240/home;30
130;21;8000000;4;4;4000;Presidio Ter;Bernal Heights, San Francisco, CA;https://loremflickr.com/320/240/home;95
131;21;8000000;4;4;4000;Presidio Ter;Bernal Heights, San Francisco, CA;https://loremflickr.com/320/240/home;61
132;21;8000000;4;4;4000;Presidio Ter;Bernal Heights, San Francisco, CA;https://loremflickr.com/320/240/home;35
133;22;7000000;3;6;5000;Scott St;Castro, San Francisco, CA;https://loremflickr.com/320/240/home;57
134;22;7000000;3;6;5000;Scott St;Castro, San Francisco, CA;https://loremflickr.com/320/240/home;9
135;23;10000000;5;6;4500;Presidio Ter;Pacific Heights, San Francisco, CA;https://loremflickr.com/320/240/home;8
136;23;10000000;5;6;4500;Presidio Ter;Pacific Heights, San Francisco, CA;https://loremflickr.com/320/240/home;96
137;23;10000000;5;6;4500;Presidio Ter;Pacific Heights, San Francisco, CA;https://loremflickr.com/320/240/home;28
138;23;10000000;5;6;4500;Presidio Ter;Pacific Heights, San Francisco, CA;https://loremflickr.com/320/240/home;3
139;23;10000000;5;6;4500;Presidio Ter;Pacific Heights, San Francisco, CA;https://loremflickr.com/320/240/home;14
140;23;10000000;5;6;4500;Presidio Ter;Pacific Heights, San Francisco, CA;https://loremflickr.com/320/240/home;94
141;23;10000000;5;6;4500;Presidio Ter;Pacific Heights, San Francisco, CA;https://loremflickr.com/320/240/home;87
142;24;6000000;7;6;5000;Marina Blvd;Pacific Heights, San Francisco, CA;https://loremflickr.com/320/240/home;86
143;25;7000000;4;2;5500;Sea Cliff Ave;Seacliff, San Francisco, CA;https://loremflickr.com/320/240/home;51
144;25;7000000;4;2;5500;Sea Cliff Ave;Seacliff, San Francisco, CA;https://loremflickr.com/320/240/home;26
145;25;7000000;4;2;5500;Sea Cliff Ave;Seacliff, San Francisco, CA;https://loremflickr.com/320/240/home;73
146;25;7000000;4;2;5500;Sea Cliff Ave;Seacliff, San Francisco, CA;https://loremflickr.com/320/240/home;48
147;25;7000000;4;2;5500;Sea Cliff Ave;Seacliff, San Francisco, CA;https://loremflickr.com/320/240/home;47
148;25;7000000;4;2;5500;Sea Cliff Ave;Seacliff, San Francisco, CA;https://loremflickr.com/320/240/home;92
149;25;7000000;4;2;5500;Sea Cliff Ave;Seacliff, San Francisco, CA;https://loremflickr.com/320/240/home;27
150;25;7000000;4;2;5500;Sea Cliff Ave;Seacliff, San Francisco, CA;https://loremflickr.com/320/240/home;40
151;26;9000000;7;3;4500;Glenbrook Ave;Noe Valley, San Francisco, CA;https://loremflickr.com/320/240/home;36
152;26;9000000;7;3;4500;Glenbrook Ave;Noe Valley, San Francisco, CA;https://loremflickr.com/320/240/home;82
153;27;7000000;5;3;5000;Scott St;Noe Valley, San Francisco, CA;https://loremflickr.com/320/240/home;46
154;27;7000000;5;3;5000;Scott St;Noe Valley, San Francisco, CA;https://loremflickr.com/320/240/home;46
155;27;7000000;5;3;5000;Scott St;Noe Valley, San Francisco, CA;https://loremflickr.com/320/240/home;62
156;27;7000000;5;3;5000;Scott St;Noe Valley, San Francisco, CA;https://loremflickr.com/320/240/home;22
157;27;7000000;5;3;5000;Scott St;Noe Valley, San Francisco, CA;https://loremflickr.com/320/240/home;3
158;27;7000000;5;3;5000;Scott St;Noe Valley, San Francisco, CA;https://loremflickr.com/320/240/home;26
159;27;7000000;5;3;5000;Scott St;Noe Valley, San Francisco, CA;https://loremflickr.com/320/240/home;27
160;27;7000000;5;3;5000;Scott St;Noe Valley, San Francisco, CA;https://loremflickr.com/320/240/home;86
161;27;7000000;5;3;5000;Scott St;Noe Valley, San Francisco, CA;https://loremflickr.com/320/240/home;78
162;27;7000000;5;3;5000;Scott St;Noe Valley, San Francisco, CA;https://loremflickr.com/320/240/home;22
163;28;10000000;3;3;3500;Sea Cliff Ave;Seacliff, San Francisco, CA;https://loremflickr.com/320/240/home;82
164;28;10000000;3;3;3500;Sea Cliff Ave;Seacliff, San Francisco, CA;https://loremflickr.com/320/240/home;37
165;28;10000000;3;3;3500;Sea Cliff Ave;Seacliff, San Francisco, CA;https://loremflickr.com/320/240/home;97
166;28;10000000;3;3;3500;Sea Cliff Ave;Seacliff, San Francisco, CA;https://loremflickr.com/320/240/home;82
167;28;10000000;3;3;3500;Sea Cliff Ave;Seacliff, San Francisco, CA;https://loremflickr.com/320/240/home;1
168;28;10000000;3;3;3500;Sea Cliff Ave;Seacliff, San Francisco, CA;https://loremflickr.com/320/240/home;4
169;28;10000000;3;3;3500;Sea Cliff Ave;Seacliff, San Francisco, CA;https://loremflickr.com/320/240/home;2
170;28;10000000;3;3;3500;Sea Cliff Ave;Seacliff, San Francisco, CA;https://loremflickr.com/320/240/home;41
171;28;10000000;3;3;3500;Sea Cliff Ave;Seacliff, San Francisco, CA;https://loremflickr.com/320/240/home;16
172;29;8000000;7;4;4000;Marina Blvd;Pacific Heights, San Francisco, CA;https://loremflickr.com/320/240/home;86
173;29;8000000;7;4;4000;Marina Blvd;Pacific Heights, San Francisco, CA;https://loremflickr.com/320/240/home;71
174;30;8000000;7;4;3500;Glenbrook Ave;Noe Valley, San Francisco, CA;https://loremflickr.com/320/240/home;93
175;30;8000000;7;4;3500;Glenbrook Ave;Noe Valley, San Francisco, CA;https://loremflickr.com/320/240/home;16
176;30;8000000;7;4;3500;Glenbrook Ave;Noe Valley, San Francisco, CA;https://loremflickr.com/320/240/home;20
177;30;8000000;7;4;3500;Glenbrook Ave;Noe Valley, San Francisco, CA;https://loremflickr.com/320/240/home;3
178;30;8000000;7;4;3500;Glenbrook Ave;Noe Valley, San Francisco, CA;https://loremflickr.com/320/240/home;36
179;30;8000000;7;4;3500;Glenbrook Ave;Noe Valley, San Francisco, CA;https://loremflickr.com/320/240/home;39
180;30;8000000;7;4;3500;Glenbrook Ave;Noe Valley, San Francisco, CA;https://loremflickr.com/320/240/home;86
181;30;8000000;7;4;3500;Glenbrook Ave;Noe Valley, San Francisco, CA;https://loremflickr.com/320/240/home;36
182;30;8000000;7;4;3500;Glenbrook Ave;Noe Valley, San Francisco, CA;https://loremflickr.com/320/240/home;37
183;30;8000000;7;4;3500;Glenbrook Ave;Noe Valley, San Francisco, CA;https://loremflickr.com/320/240/home;22
184;30;8000000;7;4;3500;Glenbrook Ave;Noe Valley, San Francisco, CA;https://loremflickr.com/320/240/home;22
185;31;8000000;4;2;5000;Scott St;Noe Valley, San Francisco, CA;https://loremflickr.com/320/240/home;48
186;31;8000000;4;2;5000;Scott St;Noe Valley, San Francisco, CA;https://loremflickr.com/320/240/home;60
187;31;8000000;4;2;5000;Scott St;Noe Valley, San Francisco, CA;https://loremflickr.com/320/240/home;81
188;31;8000000;4;2;5000;Scott St;Noe Valley, San Francisco, CA;https://loremflickr.com/320/240/home;96
189;31;8000000;4;2;5000;Scott St;Noe Valley, San Francisco, CA;https://loremflickr.com/320/240/home;22
190;32;8000000;7;4;3500;Sea Cliff Ave;Pacific Heights, San Francisco, CA;https://loremflickr.com/320/240/home;98
191;32;8000000;7;4;3500;Sea Cliff Ave;Pacific Heights, San Francisco, CA;https://loremflickr.com/320/240/home;35
192;32;8000000;7;4;3500;Sea Cliff Ave;Pacific Heights, San Francisco, CA;https://loremflickr.com/320/240/home;29
193;32;8000000;7;4;3500;Sea Cliff Ave;Pacific Heights, San Francisco, CA;https://loremflickr.com/320/240/home;100
194;32;8000000;7;4;3500;Sea Cliff Ave;Pacific Heights, San Francisco, CA;https://loremflickr.com/320/240/home;50
195;32;8000000;7;4;3500;Sea Cliff Ave;Pacific Heights, San Francisco, CA;https://loremflickr.com/320/240/home;100
196;32;8000000;7;4;3500;Sea Cliff Ave;Pacific Heights, San Francisco, CA;https://loremflickr.com/320/240/home;64
197;33;7000000;7;4;5500;Marina Blvd;Bernal Heights, San Francisco, CA;https://loremflickr.com/320/240/home;42
198;33;7000000;7;4;5500;Marina Blvd;Bernal Heights, San Francisco, CA;https://loremflickr.com/320/240/home;42
199;33;7000000;7;4;5500;Marina Blvd;Bernal Heights, San Francisco, CA;https://loremflickr.com/320/240/home;14
200;33;7000000;7;4;5500;Marina Blvd;Bernal Heights, San Francisco, CA;https://loremflickr.com/320/240/home;30
201;33;7000000;7;4;5500;Marina Blvd;Bernal Heights, San Francisco, CA;https://loremflickr.com/320/240/home;84
202;33;7000000;7;4;5500;Marina Blvd;Bernal Heights, San Francisco, CA;https://loremflickr.com/320/240/home;3
203;33;7000000;7;4;5500;Marina Blvd;Bernal Heights, San Francisco, CA;https://loremflickr.com/320/240/home;6
204;33;7000000;7;4;5500;Marina Blvd;Bernal Heights, San Francisco, CA;https://loremflickr.com/320/240/home;12
205;34;9000000;4;4;3500;Glenbrook Ave;Seacliff, San Francisco, CA;https://loremflickr.com/320/240/home;36
206;35;7000000;6;2;4000;Glenbrook Ave;Seacliff, San Francisco, CA;https://loremflickr.com/320/240/home;73
207;35;7000000;6;2;4000;Glenbrook Ave;Seacliff, San Francisco, CA;https://loremflickr.com/320/240/home;70
208;35;7000000;6;2;4000;Glenbrook Ave;Seacliff, San Francisco, CA;https://loremflickr.com/320/240/home;26
209;35;7000000;6;2;4000;Glenbrook Ave;Seacliff, San Francisco, CA;https://loremflickr.com/320/240/home;52
210;35;7000000;6;2;4000;Glenbrook Ave;Seacliff, San Francisco, CA;https://loremflickr.com/320/240/home;63
211;35;7000000;6;2;4000;Glenbrook Ave;Seacliff, San Francisco, CA;https://loremflickr.com/320/240/home;95
212;35;7000000;6;2;4000;Glenbrook Ave;Seacliff, San Francisco, CA;https://loremflickr.com/320/240/home;38
213;36;9000000;6;6;4500;Marina Blvd;Pacific Heights, San Francisco, CA;https://loremflickr.com/320/240/home;77
214;37;7000000;7;3;3500;Sea Cliff Ave;Bernal Heights, San Francisco, CA;https://loremflickr.com/320/240/home;33
215;37;7000000;7;3;3500;Sea Cliff Ave;Bernal Heights, San Francisco, CA;https://loremflickr.com/320/240/home;8
216;37;7000000;7;3;3500;Sea Cliff Ave;Bernal Heights, San Francisco, CA;https://loremflickr.com/320/240/home;55
217;37;7000000;7;3;3500;Sea Cliff Ave;Bernal Heights, San Francisco, CA;https://loremflickr.com/320/240/home;31
218;37;7000000;7;3;3500;Sea Cliff Ave;Bernal Heights, San Francisco, CA;https://loremflickr.com/320/240/home;91
219;37;7000000;7;3;3500;Sea Cliff Ave;Bernal Heights, San Francisco, CA;https://loremflickr.com/320/240/home;32
220;37;7000000;7;3;3500;Sea Cliff Ave;Bernal Heights, San Francisco, CA;https://loremflickr.com/320/240/home;54
221;37;7000000;7;3;3500;Sea Cliff Ave;Bernal Heights, San Francisco, CA;https://loremflickr.com/320/240/home;39
222;37;7000000;7;3;3500;Sea Cliff Ave;Bernal Heights, San Francisco, CA;https://loremflickr.com/320/240/home;73
223;37;7000000;7;3;3500;Sea Cliff Ave;Bernal Heights, San Francisco, CA;https://loremflickr.com/320/240/home;5
224;38;9000000;5;2;3500;Glenbrook Ave;Bernal Heights, San Francisco, CA;https://loremflickr.com/320/240/home;26
225;38;9000000;5;2;3500;Glenbrook Ave;Bernal Heights, San Francisco, CA;https://loremflickr.com/320/240/home;46
226;38;9000000;5;2;3500;Glenbrook Ave;Bernal Heights, San Francisco, CA;https://loremflickr.com/320/240/home;72
227;38;9000000;5;2;3500;Glenbrook Ave;Bernal Heights, San Francisco, CA;https://loremflickr.com/320/240/home;10
228;38;9000000;5;2;3500;Glenbrook Ave;Bernal Heights, San Francisco, CA;https://loremflickr.com/320/240/home;3
229;38;9000000;5;2;3500;Glenbrook Ave;Bernal Heights, San Francisco, CA;https://loremflickr.com/320/240/home;100
230;38;9000000;5;2;3500;Glenbrook Ave;Bernal Heights, San Francisco, CA;https://loremflickr.com/320/240/home;85
231;38;9000000;5;2;3500;Glenbrook Ave;Bernal Heights, San Francisco, CA;https://loremflickr.com/320/240/home;32
232;38;9000000;5;2;3500;Glenbrook Ave;Bernal Heights, San Francisco, CA;https://loremflickr.com/320/240/home;1
233;38;9000000;5;2;3500;Glenbrook Ave;Bernal Heights, San Francisco, CA;https://loremflickr.com/320/240/home;33
234;39;7000000;7;2;5500;Glenbrook Ave;Castro, San Francisco, CA;https://loremflickr.com/320/240/home;99
235;39;7000000;7;2;5500;Glenbrook Ave;Castro, San Francisco, CA;https://loremflickr.com/320/240/home;33
236;39;7000000;7;2;5500;Glenbrook Ave;Castro, San Francisco, CA;https://loremflickr.com/320/240/home;11
237;39;7000000;7;2;5500;Glenbrook Ave;Castro, San Francisco, CA;https://loremflickr.com/320/240/home;100
238;39;7000000;7;2;5500;Glenbrook Ave;Castro, San Francisco, CA;https://loremflickr.com/320/240/home;81
239;39;7000000;7;2;5500;Glenbrook Ave;Castro, San Francisco, CA;https://loremflickr.com/320/240/home;15
240;39;7000000;7;2;5500;Glenbrook Ave;Castro, San Francisco, CA;https://loremflickr.com/320/240/home;32
241;39;7000000;7;2;5500;Glenbrook Ave;Castro, San Francisco, CA;https://loremflickr.com/320/240/home;60
242;39;7000000;7;2;5500;Glenbrook Ave;Castro, San Francisco, CA;https://loremflickr.com/320/240/home;34
243;40;6000000;6;5;4000;Marina Blvd;Noe Valley, San Francisco, CA;https://loremflickr.com/320/240/home;1
244;40;6000000;6;5;4000;Marina Blvd;Noe Valley, San Francisco, CA;https://loremflickr.com/320/240/home;62
245;40;6000000;6;5;4000;Marina Blvd;Noe Valley, San Francisco, CA;https://loremflickr.com/320/240/home;24
246;40;6000000;6;5;4000;Marina Blvd;Noe Valley, San Francisco, CA;https://loremflickr.com/320/240/home;94
247;40;6000000;6;5;4000;Marina Blvd;Noe Valley, San Francisco, CA;https://loremflickr.com/320/240/home;24
248;40;6000000;6;5;4000;Marina Blvd;Noe Valley, San Francisco, CA;https://loremflickr.com/320/240/home;100
249;40;6000000;6;5;4000;Marina Blvd;Noe Valley, San Francisco, CA;https://loremflickr.com/320/240/home;74
250;40;6000000;6;5;4000;Marina Blvd;Noe Valley, San Francisco, CA;https://loremflickr.com/320/240/home;52
251;40;6000000;6;5;4000;Marina Blvd;Noe Valley, San Francisco, CA;https://loremflickr.com/320/240/home;73
252;41;10000000;7;6;4000;Sea Cliff Ave;Noe Valley, San Francisco, CA;https://loremflickr.com/320/240/home;86
253;41;10000000;7;6;4000;Sea Cliff Ave;Noe Valley, San Francisco, CA;https://loremflickr.com/320/240/home;58
254;42;7000000;4;5;4500;Scott St;Seacliff, San Francisco, CA;https://loremflickr.com/320/240/home;79
255;42;7000000;4;5;4500;Scott St;Seacliff, San Francisco, CA;https://loremflickr.com/320/240/home;65
256;42;7000000;4;5;4500;Scott St;Seacliff, San Francisco, CA;https://loremflickr.com/320/240/home;49
257;42;7000000;4;5;4500;Scott St;Seacliff, San Francisco, CA;https://loremflickr.com/320/240/home;73
258;42;7000000;4;5;4500;Scott St;Seacliff, San Francisco, CA;https://loremflickr.com/320/240/home;30
259;42;7000000;4;5;4500;Scott St;Seacliff, San Francisco, CA;https://loremflickr.com/320/240/home;41
260;42;7000000;4;5;4500;Scott St;Seacliff, San Francisco, CA;https://loremflickr.com/320/240/home;70
261;42;7000000;4;5;4500;Scott St;Seacliff, San Francisco, CA;https://loremflickr.com/320/240/home;81
262;42;7000000;4;5;4500;Scott St;Seacliff, San Francisco, CA;https://loremflickr.com/320/240/home;71
263;42;7000000;4;5;4500;Scott St;Seacliff, San Francisco, CA;https://loremflickr.com/320/240/home;59
264;43;9000000;7;5;3500;Marina Blvd;Castro, San Francisco, CA;https://loremflickr.com/320/240/home;29
265;43;9000000;7;5;3500;Marina Blvd;Castro, San Francisco, CA;https://loremflickr.com/320/240/home;84
266;43;9000000;7;5;3500;Marina Blvd;Castro, San Francisco, CA;https://loremflickr.com/320/240/home;67
267;43;9000000;7;5;3500;Marina Blvd;Castro, San Francisco, CA;https://loremflickr.com/320/240/home;45
268;43;9000000;7;5;3500;Marina Blvd;Castro, San Francisco, CA;https://loremflickr.com/320/240/home;34
269;43;9000000;7;5;3500;Marina Blvd;Castro, San Francisco, CA;https://loremflickr.com/320/240/home;80
270;43;9000000;7;5;3500;Marina Blvd;Castro, San Francisco, CA;https://loremflickr.com/320/240/home;11
271;43;9000000;7;5;3500;Marina Blvd;Castro, San Francisco, CA;https://loremflickr.com/320/240/home;37
272;44;6000000;3;2;4500;Presidio Ter;Castro, San Francisco, CA;https://loremflickr.com/320/240/home;22
273;44;6000000;3;2;4500;Presidio Ter;Castro, San Francisco, CA;https://loremflickr.com/320/240/home;6
274;45;10000000;4;5;4000;Presidio Ter;Noe Valley, San Francisco, CA;https://loremflickr.com/320/240/home;93
275;45;10000000;4;5;4000;Presidio Ter;Noe Valley, San Francisco, CA;https://loremflickr.com/320/240/home;81
276;45;10000000;4;5;4000;Presidio Ter;Noe Valley, San Francisco, CA;https://loremflickr.com/320/240/home;99
277;45;10000000;4;5;4000;Presidio Ter;Noe Valley, San Francisco, CA;https://loremflickr.com/320/240/home;45
278;45;10000000;4;5;4000;Presidio Ter;Noe Valley, San Francisco, CA;https://loremflickr.com/320/240/home;65
279;45;10000000;4;5;4000;Presidio Ter;Noe Valley, San Francisco, CA;https://loremflickr.com/320/240/home;69
280;45;10000000;4;5;4000;Presidio Ter;Noe Valley, San Francisco, CA;https://loremflickr.com/320/240/home;64
281;45;10000000;4;5;4000;Presidio Ter;Noe Valley, San Francisco, CA;https://loremflickr.com/320/240/home;72
282;45;10000000;4;5;4000;Presidio Ter;Noe Valley, San Francisco, CA;https://loremflickr.com/320/240/home;56
283;45;10000000;4;5;4000;Presidio Ter;Noe Valley, San Francisco, CA;https://loremflickr.com/320/240/home;88
284;45;10000000;4;5;4000;Presidio Ter;Noe Valley, San Francisco, CA;https://loremflickr.com/320/240/home;34
285;46;10000000;4;6;5000;Marina Blvd;Pacific Heights, San Francisco, CA;https://loremflickr.com/320/240/home;35
286;46;10000000;4;6;5000;Marina Blvd;Pacific Heights, San Francisco, CA;https://loremflickr.com/320/240/home;50
287;46;10000000;4;6;5000;Marina Blvd;Pacific Heights, San Francisco, CA;https://loremflickr.com/320/240/home;6
288;46;10000000;4;6;5000;Marina Blvd;Pacific Heights, San Francisco, CA;https://loremflickr.com/320/240/home;56
289;46;10000000;4;6;5000;Marina Blvd;Pacific Heights, San Francisco, CA;https://loremflickr.com/320/240/home;62
290;47;8000000;5;5;5000;Marina Blvd;Noe Valley, San Francisco, CA;https://loremflickr.com/320/240/home;67
291;48;10000000;4;6;4000;Presidio Ter;Castro, San Francisco, CA;https://loremflickr.com/320/240/home;87
292;48;10000000;4;6;4000;Presidio Ter;Castro, San Francisco, CA;https://loremflickr.com/320/240/home;66
293;48;10000000;4;6;4000;Presidio Ter;Castro, San Francisco, CA;https://loremflickr.com/320/240/home;23
294;48;10000000;4;6;4000;Presidio Ter;Castro, San Francisco, CA;https://loremflickr.com/320/240/home;59
295;49;6000000;6;4;3500;Glenbrook Ave;Pacific Heights, San Francisco, CA;https://loremflickr.com/320/240/home;73
296;49;6000000;6;4;3500;Glenbrook Ave;Pacific Heights, San Francisco, CA;https://loremflickr.com/320/240/home;70
297;49;6000000;6;4;3500;Glenbrook Ave;Pacific Heights, San Francisco, CA;https://loremflickr.com/320/240/home;55
298;49;6000000;6;4;3500;Glenbrook Ave;Pacific Heights, San Francisco, CA;https://loremflickr.com/320/240/home;47
299;50;6000000;7;3;5000;Sea Cliff Ave;Seacliff, San Francisco, CA;https://loremflickr.com/320/240/home;26
300;51;10000000;3;6;4000;Sea Cliff Ave;Bernal Heights, San Francisco, CA;https://loremflickr.com/320/240/home;98
301;51;10000000;3;6;4000;Sea Cliff Ave;Bernal Heights, San Francisco, CA;https://loremflickr.com/320/240/home;100
302;52;7000000;5;4;5500;Presidio Ter;Seacliff, San Francisco, CA;https://loremflickr.com/320/240/home;42
303;53;9000000;3;4;5000;Sea Cliff Ave;Noe Valley, San Francisco, CA;https://loremflickr.com/320/240/home;23
304;53;9000000;3;4;5000;Sea Cliff Ave;Noe Valley, San Francisco, CA;https://loremflickr.com/320/240/home;16
305;53;9000000;3;4;5000;Sea Cliff Ave;Noe Valley, San Francisco, CA;https://loremflickr.com/320/240/home;56
306;53;9000000;3;4;5000;Sea Cliff Ave;Noe Valley, San Francisco, CA;https://loremflickr.com/320/240/home;68
307;53;9000000;3;4;5000;Sea Cliff Ave;Noe Valley, San Francisco, CA;https://loremflickr.com/320/240/home;68
308;53;9000000;3;4;5000;Sea Cliff Ave;Noe Valley, San Francisco, CA;https://loremflickr.com/320/240/home;87
309;53;9000000;3;4;5000;Sea Cliff Ave;Noe Valley, San Francisco, CA;https://loremflickr.com/320/240/home;95
310;53;9000000;3;4;5000;Sea Cliff Ave;Noe Valley, San Francisco, CA;https://loremflickr.com/320/240/home;60
311;54;7000000;5;2;5500;Marina Blvd;Noe Valley, San Francisco, CA;https://loremflickr.com/320/240/home;49
312;54;7000000;5;2;5500;Marina Blvd;Noe Valley, San Francisco, CA;https://loremflickr.com/320/240/home;73
313;54;7000000;5;2;5500;Marina Blvd;Noe Valley, San Francisco, CA;https://loremflickr.com/320/240/home;71
314;54;7000000;5;2;5500;Marina Blvd;Noe Valley, San Francisco, CA;https://loremflickr.com/320/240/home;56
315;55;8000000;5;5;5000;Marina Blvd;Pacific Heights, San Francisco, CA;https://loremflickr.com/320/240/home;42
316;55;8000000;5;5;5000;Marina Blvd;Pacific Heights, San Francisco, CA;https://loremflickr.com/320/240/home;93
317;55;8000000;5;5;5000;Marina Blvd;Pacific Heights, San Francisco, CA;https://loremflickr.com/320/240/home;30
318;55;8000000;5;5;5000;Marina Blvd;Pacific Heights, San Francisco, CA;https://loremflickr.com/320/240/home;2
319;55;8000000;5;5;5000;Marina Blvd;Pacific Heights, San Francisco, CA;https://loremflickr.com/320/240/home;70
320;55;8000000;5;5;5000;Marina Blvd;Pacific Heights, San Francisco, CA;https://loremflickr.com/320/240/home;28
321;55;8000000;5;5;5000;Marina Blvd;Pacific Heights, San Francisco, CA;https://loremflickr.com/320/240/home;46
322;55;8000000;5;5;5000;Marina Blvd;Pacific Heights, San Francisco, CA;https://loremflickr.com/320/240/home;95
323;55;8000000;5;5;5000;Marina Blvd;Pacific Heights, San Francisco, CA;https://loremflickr.com/320/240/home;91
324;56;8000000;7;4;3500;Glenbrook Ave;Seacliff, San Francisco, CA;https://loremflickr.com/320/240/home;40
325;56;8000000;7;4;3500;Glenbrook Ave;Seacliff, San Francisco, CA;https://loremflickr.com/320/240/home;63
326;56;8000000;7;4;3500;Glenbrook Ave;Seacliff, San Francisco, CA;https://loremflickr.com/320/240/home;24
327;56;8000000;7;4;3500;Glenbrook Ave;Seacliff, San Francisco, CA;https://loremflickr.com/320/240/home;73
328;57;9000000;4;6;5000;Presidio Ter;Castro, San Francisco, CA;https://loremflickr.com/320/240/home;95
329;57;9000000;4;6;5000;Presidio Ter;Castro, San Francisco, CA;https://loremflickr.com/320/240/home;31
330;57;9000000;4;6;5000;Presidio Ter;Castro, San Francisco, CA;https://loremflickr.com/320/240/home;76
331;57;9000000;4;6;5000;Presidio Ter;Castro, San Francisco, CA;https://loremflickr.com/320/240/home;86
332;57;9000000;4;6;5000;Presidio Ter;Castro, San Francisco, CA;https://loremflickr.com/320/240/home;53
333;57;9000000;4;6;5000;Presidio Ter;Castro, San Francisco, CA;https://loremflickr.com/320/240/home;32
334;57;9000000;4;6;5000;Presidio Ter;Castro, San Francisco, CA;https://loremflickr.com/320/240/home;36
335;57;9000000;4;6;5000;Presidio Ter;Castro, San Francisco, CA;https://loremflickr.com/320/240/home;42
336;57;9000000;4;6;5000;Presidio Ter;Castro, San Francisco, CA;https://loremflickr.com/320/240/home;49
337;58;7000000;4;5;3500;Sea Cliff Ave;Pacific Heights, San Francisco, CA;https://loremflickr.com/320/240/home;11
338;59;7000000;7;3;4000;Glenbrook Ave;Seacliff, San Francisco, CA;https://loremflickr.com/320/240/home;47
339;59;7000000;7;3;4000;Glenbrook Ave;Seacliff, San Francisco, CA;https://loremflickr.com/320/240/home;31
340;59;7000000;7;3;4000;Glenbrook Ave;Seacliff, San Francisco, CA;https://loremflickr.com/320/240/home;98
341;59;7000000;7;3;4000;Glenbrook Ave;Seacliff, San Francisco, CA;https://loremflickr.com/320/240/home;10
342;59;7000000;7;3;4000;Glenbrook Ave;Seacliff, San Francisco, CA;https://loremflickr.com/320/240/home;67
343;59;7000000;7;3;4000;Glenbrook Ave;Seacliff, San Francisco, CA;https://loremflickr.com/320/240/home;65
344;59;7000000;7;3;4000;Glenbrook Ave;Seacliff, San Francisco, CA;https://loremflickr.com/320/240/home;44
345;59;7000000;7;3;4000;Glenbrook Ave;Seacliff, San Francisco, CA;https://loremflickr.com/320/240/home;75
346;59;7000000;7;3;4000;Glenbrook Ave;Seacliff, San Francisco, CA;https://loremflickr.com/320/240/home;30
347;59;7000000;7;3;4000;Glenbrook Ave;Seacliff, San Francisco, CA;https://loremflickr.com/320/240/home;25
348;59;7000000;7;3;4000;Glenbrook Ave;Seacliff, San Francisco, CA;https://loremflickr.com/320/240/home;39
349;60;7000000;7;5;5000;Scott St;Pacific Heights, San Francisco, CA;https://loremflickr.com/320/240/home;28
350;60;7000000;7;5;5000;Scott St;Pacific Heights, San Francisco, CA;https://loremflickr.com/320/240/home;47
351;60;7000000;7;5;5000;Scott St;Pacific Heights, San Francisco, CA;https://loremflickr.com/320/240/home;1
352;60;7000000;7;5;5000;Scott St;Pacific Heights, San Francisco, CA;https://loremflickr.com/320/240/home;47
353;60;7000000;7;5;5000;Scott St;Pacific Heights, San Francisco, CA;https://loremflickr.com/320/240/home;11
354;60;7000000;7;5;5000;Scott St;Pacific Heights, San Francisco, CA;https://loremflickr.com/320/240/home;74
355;60;7000000;7;5;5000;Scott St;Pacific Heights, San Francisco, CA;https://loremflickr.com/320/240/home;88
356;60;7000000;7;5;5000;Scott St;Pacific Heights, San Francisco, CA;https://loremflickr.com/320/240/home;64
357;60;7000000;7;5;5000;Scott St;Pacific Heights, San Francisco, CA;https://loremflickr.com/320/240/home;86
358;60;7000000;7;5;5000;Scott St;Pacific Heights, San Francisco, CA;https://loremflickr.com/320/240/home;40
359;60;7000000;7;5;5000;Scott St;Pacific Heights, San Francisco, CA;https://loremflickr.com/320/240/home;92
360;61;7000000;5;4;4000;Sea Cliff Ave;Noe Valley, San Francisco, CA;https://loremflickr.com/320/240/home;74
361;61;7000000;5;4;4000;Sea Cliff Ave;Noe Valley, San Francisco, CA;https://loremflickr.com/320/240/home;47
362;61;7000000;5;4;4000;Sea Cliff Ave;Noe Valley, San Francisco, CA;https://loremflickr.com/320/240/home;95
363;62;6000000;3;5;4000;Presidio Ter;Noe Valley, San Francisco, CA;https://loremflickr.com/320/240/home;98
364;62;6000000;3;5;4000;Presidio Ter;Noe Valley, San Francisco, CA;https://loremflickr.com/320/240/home;2
365;62;6000000;3;5;4000;Presidio Ter;Noe Valley, San Francisco, CA;https://loremflickr.com/320/240/home;5
366;63;10000000;4;3;4000;Presidio Ter;Noe Valley, San Francisco, CA;https://loremflickr.com/320/240/home;13
367;63;10000000;4;3;4000;Presidio Ter;Noe Valley, San Francisco, CA;https://loremflickr.com/320/240/home;48
368;63;10000000;4;3;4000;Presidio Ter;Noe Valley, San Francisco, CA;https://loremflickr.com/320/240/home;26
369;64;8000000;5;3;4000;Marina Blvd;Pacific Heights, San Francisco, CA;https://loremflickr.com/320/240/home;42
370;64;8000000;5;3;4000;Marina Blvd;Pacific Heights, San Francisco, CA;https://loremflickr.com/320/240/home;92
371;64;8000000;5;3;4000;Marina Blvd;Pacific Heights, San Francisco, CA;https://loremflickr.com/320/240/home;73
372;64;8000000;5;3;4000;Marina Blvd;Pacific Heights, San Francisco, CA;https://loremflickr.com/320/240/home;67
373;64;8000000;5;3;4000;Marina Blvd;Pacific Heights, San Francisco, CA;https://loremflickr.com/320/240/home;2
374;64;8000000;5;3;4000;Marina Blvd;Pacific Heights, San Francisco, CA;https://loremflickr.com/320/240/home;44
375;64;8000000;5;3;4000;Marina Blvd;Pacific Heights, San Francisco, CA;https://loremflickr.com/320/240/home;9
376;64;8000000;5;3;4000;Marina Blvd;Pacific Heights, San Francisco, CA;https://loremflickr.com/320/240/home;69
377;64;8000000;5;3;4000;Marina Blvd;Pacific Heights, San Francisco, CA;https://loremflickr.com/320/240/home;33
378;65;10000000;5;3;4500;Marina Blvd;Bernal Heights, San Francisco, CA;https://loremflickr.com/320/240/home;99
379;65;10000000;5;3;4500;Marina Blvd;Bernal Heights, San Francisco, CA;https://loremflickr.com/320/240/home;96
380;65;10000000;5;3;4500;Marina Blvd;Bernal Heights, San Francisco, CA;https://loremflickr.com/320/240/home;92
381;65;10000000;5;3;4500;Marina Blvd;Bernal Heights, San Francisco, CA;https://loremflickr.com/320/240/home;33
382;65;10000000;5;3;4500;Marina Blvd;Bernal Heights, San Francisco, CA;https://loremflickr.com/320/240/home;73
383;65;10000000;5;3;4500;Marina Blvd;Bernal Heights, San Francisco, CA;https://loremflickr.com/320/240/home;33
384;65;10000000;5;3;4500;Marina Blvd;Bernal Heights, San Francisco, CA;https://loremflickr.com/320/240/home;8
385;65;10000000;5;3;4500;Marina Blvd;Bernal Heights, San Francisco, CA;https://loremflickr.com/320/240/home;12
386;65;10000000;5;3;4500;Marina Blvd;Bernal Heights, San Francisco, CA;https://loremflickr.com/320/240/home;84
387;65;10000000;5;3;4500;Marina Blvd;Bernal Heights, San Francisco, CA;https://loremflickr.com/320/240/home;77
388;66;6000000;6;5;4500;Presidio Ter;Noe Valley, San Francisco, CA;https://loremflickr.com/320/240/home;25
389;66;6000000;6;5;4500;Presidio Ter;Noe Valley, San Francisco, CA;https://loremflickr.com/320/240/home;78
390;66;6000000;6;5;4500;Presidio Ter;Noe Valley, San Francisco, CA;https://loremflickr.com/320/240/home;20
391;66;6000000;6;5;4500;Presidio Ter;Noe Valley, San Francisco, CA;https://loremflickr.com/320/240/home;84
392;66;6000000;6;5;4500;Presidio Ter;Noe Valley, San Francisco, CA;https://loremflickr.com/320/240/home;17
393;66;6000000;6;5;4500;Presidio Ter;Noe Valley, San Francisco, CA;https://loremflickr.com/320/240/home;8
394;66;6000000;6;5;4500;Presidio Ter;Noe Valley, San Francisco, CA;https://loremflickr.com/320/240/home;52
395;66;6000000;6;5;4500;Presidio Ter;Noe Valley, San Francisco, CA;https://loremflickr.com/320/240/home;76
396;67;9000000;5;5;4500;Presidio Ter;Bernal Heights, San Francisco, CA;https://loremflickr.com/320/240/home;6
397;67;9000000;5;5;4500;Presidio Ter;Bernal Heights, San Francisco, CA;https://loremflickr.com/320/240/home;41
398;67;9000000;5;5;4500;Presidio Ter;Bernal Heights, San Francisco, CA;https://loremflickr.com/320/240/home;1
399;67;9000000;5;5;4500;Presidio Ter;Bernal Heights, San Francisco, CA;https://loremflickr.com/320/240/home;71
400;67;9000000;5;5;4500;Presidio Ter;Bernal Heights, San Francisco, CA;https://loremflickr.com/320/240/home;40
401;67;9000000;5;5;4500;Presidio Ter;Bernal Heights, San Francisco, CA;https://loremflickr.com/320/240/home;66
402;68;6000000;3;6;5000;Scott St;Seacliff, San Francisco, CA;https://loremflickr.com/320/240/home;88
403;68;6000000;3;6;5000;Scott St;Seacliff, San Francisco, CA;https://loremflickr.com/320/240/home;9
404;68;6000000;3;6;5000;Scott St;Seacliff, San Francisco, CA;https://loremflickr.com/320/240/home;48
405;69;9000000;3;5;5500;Sea Cliff Ave;Castro, San Francisco, CA;https://loremflickr.com/320/240/home;39
406;69;9000000;3;5;5500;Sea Cliff Ave;Castro, San Francisco, CA;https://loremflickr.com/320/240/home;53
407;69;9000000;3;5;5500;Sea Cliff Ave;Castro, San Francisco, CA;https://loremflickr.com/320/240/home;18
408;69;9000000;3;5;5500;Sea Cliff Ave;Castro, San Francisco, CA;https://loremflickr.com/320/240/home;9
409;70;10000000;5;6;4500;Marina Blvd;Noe Valley, San Francisco, CA;https://loremflickr.com/320/240/home;61
410;70;10000000;5;6;4500;Marina Blvd;Noe Valley, San Francisco, CA;https://loremflickr.com/320/240/home;69
411;70;10000000;5;6;4500;Marina Blvd;Noe Valley, San Francisco, CA;https://loremflickr.com/320/240/home;65
412;70;10000000;5;6;4500;Marina Blvd;Noe Valley, San Francisco, CA;https://loremflickr.com/320/240/home;49
413;70;10000000;5;6;4500;Marina Blvd;Noe Valley, San Francisco, CA;https://loremflickr.com/320/240/home;14
414;70;10000000;5;6;4500;Marina Blvd;Noe Valley, San Francisco, CA;https://loremflickr.com/320/240/home;48
415;70;10000000;5;6;4500;Marina Blvd;Noe Valley, San Francisco, CA;https://loremflickr.com/320/240/home;50
416;70;10000000;5;6;4500;Marina Blvd;Noe Valley, San Francisco, CA;https://loremflickr.com/320/240/home;82
417;70;10000000;5;6;4500;Marina Blvd;Noe Valley, San Francisco, CA;https://loremflickr.com/320/240/home;4
418;70;10000000;5;6;4500;Marina Blvd;Noe Valley, San Francisco, CA;https://loremflickr.com/320/240/home;13
419;70;10000000;5;6;4500;Marina Blvd;Noe Valley, San Francisco, CA;https://loremflickr.com/320/240/home;16
420;71;6000000;7;3;5000;Marina Blvd;Noe Valley, San Francisco, CA;https://loremflickr.com/320/240/home;87
421;71;6000000;7;3;5000;Marina Blvd;Noe Valley, San Francisco, CA;https://loremflickr.com/320/240/home;100
422;71;6000000;7;3;5000;Marina Blvd;Noe Valley, San Francisco, CA;https://loremflickr.com/320/240/home;55
423;71;6000000;7;3;5000;Marina Blvd;Noe Valley, San Francisco, CA;https://loremflickr.com/320/240/home;93
424;72;7000000;5;6;4000;Scott St;Bernal Heights, San Francisco, CA;https://loremflickr.com/320/240/home;9
425;72;7000000;5;6;4000;Scott St;Bernal Heights, San Francisco, CA;https://loremflickr.com/320/240/home;37
426;72;7000000;5;6;4000;Scott St;Bernal Heights, San Francisco, CA;https://loremflickr.com/320/240/home;30
427;72;7000000;5;6;4000;Scott St;Bernal Heights, San Francisco, CA;https://loremflickr.com/320/240/home;50
428;72;7000000;5;6;4000;Scott St;Bernal Heights, San Francisco, CA;https://loremflickr.com/320/240/home;5
429;72;7000000;5;6;4000;Scott St;Bernal Heights, San Francisco, CA;https://loremflickr.com/320/240/home;85
430;73;9000000;5;6;5000;Presidio Ter;Pacific Heights, San Francisco, CA;https://loremflickr.com/320/240/home;16
431;73;9000000;5;6;5000;Presidio Ter;Pacific Heights, San Francisco, CA;https://loremflickr.com/320/240/home;45
432;73;9000000;5;6;5000;Presidio Ter;Pacific Heights, San Francisco, CA;https://loremflickr.com/320/240/home;21
433;73;9000000;5;6;5000;Presidio Ter;Pacific Heights, San Francisco, CA;https://loremflickr.com/320/240/home;52
434;74;7000000;6;3;5000;Marina Blvd;Pacific Heights, San Francisco, CA;https://loremflickr.com/320/240/home;46
435;74;7000000;6;3;5000;Marina Blvd;Pacific Heights, San Francisco, CA;https://loremflickr.com/320/240/home;89
436;74;7000000;6;3;5000;Marina Blvd;Pacific Heights, San Francisco, CA;https://loremflickr.com/320/240/home;74
437;74;7000000;6;3;5000;Marina Blvd;Pacific Heights, San Francisco, CA;https://loremflickr.com/320/240/home;79
438;74;7000000;6;3;5000;Marina Blvd;Pacific Heights, San Francisco, CA;https://loremflickr.com/320/240/home;11
439;74;7000000;6;3;5000;Marina Blvd;Pacific Heights, San Francisco, CA;https://loremflickr.com/320/240/home;50
440;74;7000000;6;3;5000;Marina Blvd;Pacific Heights, San Francisco, CA;https://loremflickr.com/320/240/home;37
441;74;7000000;6;3;5000;Marina Blvd;Pacific Heights, San Francisco, CA;https://loremflickr.com/320/240/home;73
442;74;7000000;6;3;5000;Marina Blvd;Pacific Heights, San Francisco, CA;https://loremflickr.com/320/240/home;77
443;74;7000000;6;3;5000;Marina Blvd;Pacific Heights, San Francisco, CA;https://loremflickr.com/320/240/home;23
444;75;10000000;4;3;5000;Sea Cliff Ave;Seacliff, San Francisco, CA;https://loremflickr.com/320/240/home;53
445;76;10000000;6;6;4000;Glenbrook Ave;Castro, San Francisco, CA;https://loremflickr.com/320/240/home;8
446;76;10000000;6;6;4000;Glenbrook Ave;Castro, San Francisco, CA;https://loremflickr.com/320/240/home;62
447;76;10000000;6;6;4000;Glenbrook Ave;Castro, San Francisco, CA;https://loremflickr.com/320/240/home;30
448;76;10000000;6;6;4000;Glenbrook Ave;Castro, San Francisco, CA;https://loremflickr.com/320/240/home;40
449;76;10000000;6;6;4000;Glenbrook Ave;Castro, San Francisco, CA;https://loremflickr.com/320/240/home;18
450;76;10000000;6;6;4000;Glenbrook Ave;Castro, San Francisco, CA;https://loremflickr.com/320/240/home;25
451;76;10000000;6;6;4000;Glenbrook Ave;Castro, San Francisco, CA;https://loremflickr.com/320/240/home;4
452;77;7000000;3;5;4500;Scott St;Seacliff, San Francisco, CA;https://loremflickr.com/320/240/home;17
453;77;7000000;3;5;4500;Scott St;Seacliff, San Francisco, CA;https://loremflickr.com/320/240/home;53
454;78;6000000;7;6;4500;Glenbrook Ave;Castro, San Francisco, CA;https://loremflickr.com/320/240/home;76
455;78;6000000;7;6;4500;Glenbrook Ave;Castro, San Francisco, CA;https://loremflickr.com/320/240/home;34
456;78;6000000;7;6;4500;Glenbrook Ave;Castro, San Francisco, CA;https://loremflickr.com/320/240/home;83
457;78;6000000;7;6;4500;Glenbrook Ave;Castro, San Francisco, CA;https://loremflickr.com/320/240/home;8
458;78;6000000;7;6;4500;Glenbrook Ave;Castro, San Francisco, CA;https://loremflickr.com/320/240/home;97
459;78;6000000;7;6;4500;Glenbrook Ave;Castro, San Francisco, CA;https://loremflickr.com/320/240/home;54
460;78;6000000;7;6;4500;Glenbrook Ave;Castro, San Francisco, CA;https://loremflickr.com/320/240/home;66
461;79;10000000;6;3;3500;Marina Blvd;Pacific Heights, San Francisco, CA;https://loremflickr.com/320/240/home;64
462;79;10000000;6;3;3500;Marina Blvd;Pacific Heights, San Francisco, CA;https://loremflickr.com/320/240/home;12
463;79;10000000;6;3;3500;Marina Blvd;Pacific Heights, San Francisco, CA;https://loremflickr.com/320/240/home;95
464;79;10000000;6;3;3500;Marina Blvd;Pacific Heights, San Francisco, CA;https://loremflickr.com/320/240/home;75
465;79;10000000;6;3;3500;Marina Blvd;Pacific Heights, San Francisco, CA;https://loremflickr.com/320/240/home;45
466;79;10000000;6;3;3500;Marina Blvd;Pacific Heights, San Francisco, CA;https://loremflickr.com/320/240/home;54
467;79;10000000;6;3;3500;Marina Blvd;Pacific Heights, San Francisco, CA;https://loremflickr.com/320/240/home;56
468;79;10000000;6;3;3500;Marina Blvd;Pacific Heights, San Francisco, CA;https://loremflickr.com/320/240/home;42
469;79;10000000;6;3;3500;Marina Blvd;Pacific Heights, San Francisco, CA;https://loremflickr.com/320/240/home;74
470;79;10000000;6;3;3500;Marina Blvd;Pacific Heights, San Francisco, CA;https://loremflickr.com/320/240/home;3
471;79;10000000;6;3;3500;Marina Blvd;Pacific Heights, San Francisco, CA;https://loremflickr.com/320/240/home;44
472;80;8000000;4;6;4500;Marina Blvd;Bernal Heights, San Francisco, CA;https://loremflickr.com/320/240/home;60
473;80;8000000;4;6;4500;Marina Blvd;Bernal Heights, San Francisco, CA;https://loremflickr.com/320/240/home;75
474;80;8000000;4;6;4500;Marina Blvd;Bernal Heights, San Francisco, CA;https://loremflickr.com/320/240/home;80
475;80;8000000;4;6;4500;Marina Blvd;Bernal Heights, San Francisco, CA;https://loremflickr.com/320/240/home;33
476;80;8000000;4;6;4500;Marina Blvd;Bernal Heights, San Francisco, CA;https://loremflickr.com/320/240/home;35
477;81;9000000;4;5;4500;Marina Blvd;Noe Valley, San Francisco, CA;https://loremflickr.com/320/240/home;25
478;81;9000000;4;5;4500;Marina Blvd;Noe Valley, San Francisco, CA;https://loremflickr.com/320/240/home;35
479;81;9000000;4;5;4500;Marina Blvd;Noe Valley, San Francisco, CA;https://loremflickr.com/320/240/home;86
480;81;9000000;4;5;4500;Marina Blvd;Noe Valley, San Francisco, CA;https://loremflickr.com/320/240/home;8
481;81;9000000;4;5;4500;Marina Blvd;Noe Valley, San Francisco, CA;https://loremflickr.com/320/240/home;11
482;81;9000000;4;5;4500;Marina Blvd;Noe Valley, San Francisco, CA;https://loremflickr.com/320/240/home;67
483;81;9000000;4;5;4500;Marina Blvd;Noe Valley, San Francisco, CA;https://loremflickr.com/320/240/home;13
484;81;9000000;4;5;4500;Marina Blvd;Noe Valley, San Francisco, CA;https://loremflickr.com/320/240/home;94
485;81;9000000;4;5;4500;Marina Blvd;Noe Valley, San Francisco, CA;https://loremflickr.com/320/240/home;90
486;82;10000000;7;5;5000;Sea Cliff Ave;Seacliff, San Francisco, CA;https://loremflickr.com/320/240/home;94
487;82;10000000;7;5;5000;Sea Cliff Ave;Seacliff, San Francisco, CA;https://loremflickr.com/320/240/home;57
488;82;10000000;7;5;5000;Sea Cliff Ave;Seacliff, San Francisco, CA;https://loremflickr.com/320/240/home;40
489;82;10000000;7;5;5000;Sea Cliff Ave;Seacliff, San Francisco, CA;https://loremflickr.com/320/240/home;63
490;82;10000000;7;5;5000;Sea Cliff Ave;Seacliff, San Francisco, CA;https://loremflickr.com/320/240/home;31
491;82;10000000;7;5;5000;Sea Cliff Ave;Seacliff, San Francisco, CA;https://loremflickr.com/320/240/home;39
492;82;10000000;7;5;5000;Sea Cliff Ave;Seacliff, San Francisco, CA;https://loremflickr.com/320/240/home;69
493;82;10000000;7;5;5000;Sea Cliff Ave;Seacliff, San Francisco, CA;https://loremflickr.com/320/240/home;51
494;82;10000000;7;5;5000;Sea Cliff Ave;Seacliff, San Francisco, CA;https://loremflickr.com/320/240/home;96
495;83;7000000;4;5;5500;Glenbrook Ave;Pacific Heights, San Francisco, CA;https://loremflickr.com/320/240/home;12
496;83;7000000;4;5;5500;Glenbrook Ave;Pacific Heights, San Francisco, CA;https://loremflickr.com/320/240/home;62
497;83;7000000;4;5;5500;Glenbrook Ave;Pacific Heights, San Francisco, CA;https://loremflickr.com/320/240/home;98
498;83;7000000;4;5;5500;Glenbrook Ave;Pacific Heights, San Francisco, CA;https://loremflickr.com/320/240/home;79
499;83;7000000;4;5;5500;Glenbrook Ave;Pacific Heights, San Francisco, CA;https://loremflickr.com/320/240/home;48
500;83;7000000;4;5;5500;Glenbrook Ave;Pacific Heights, San Francisco, CA;https://loremflickr.com/320/240/home;70
501;83;7000000;4;5;5500;Glenbrook Ave;Pacific Heights, San Francisco, CA;https://loremflickr.com/320/240/home;34
502;84;10000000;6;4;5000;Scott St;Pacific Heights, San Francisco, CA;https://loremflickr.com/320/240/home;96
503;84;10000000;6;4;5000;Scott St;Pacific Heights, San Francisco, CA;https://loremflickr.com/320/240/home;5
504;84;10000000;6;4;5000;Scott St;Pacific Heights, San Francisco, CA;https://loremflickr.com/320/240/home;45
505;84;10000000;6;4;5000;Scott St;Pacific Heights, San Francisco, CA;https://loremflickr.com/320/240/home;33
506;84;10000000;6;4;5000;Scott St;Pacific Heights, San Francisco, CA;https://loremflickr.com/320/240/home;31
507;84;10000000;6;4;5000;Scott St;Pacific Heights, San Francisco, CA;https://loremflickr.com/320/240/home;61
508;84;10000000;6;4;5000;Scott St;Pacific Heights, San Francisco, CA;https://loremflickr.com/320/240/home;27
509;84;10000000;6;4;5000;Scott St;Pacific Heights, San Francisco, CA;https://loremflickr.com/320/240/home;2
510;84;10000000;6;4;5000;Scott St;Pacific Heights, San Francisco, CA;https://loremflickr.com/320/240/home;82
511;84;10000000;6;4;5000;Scott St;Pacific Heights, San Francisco, CA;https://loremflickr.com/320/240/home;69
512;84;10000000;6;4;5000;Scott St;Pacific Heights, San Francisco, CA;https://loremflickr.com/320/240/home;13
513;85;10000000;4;6;5000;Presidio Ter;Bernal Heights, San Francisco, CA;https://loremflickr.com/320/240/home;11
514;85;10000000;4;6;5000;Presidio Ter;Bernal Heights, San Francisco, CA;https://loremflickr.com/320/240/home;2
515;85;10000000;4;6;5000;Presidio Ter;Bernal Heights, San Francisco, CA;https://loremflickr.com/320/240/home;28
516;85;10000000;4;6;5000;Presidio Ter;Bernal Heights, San Francisco, CA;https://loremflickr.com/320/240/home;38
517;85;10000000;4;6;5000;Presidio Ter;Bernal Heights, San Francisco, CA;https://loremflickr.com/320/240/home;93
518;85;10000000;4;6;5000;Presidio Ter;Bernal Heights, San Francisco, CA;https://loremflickr.com/320/240/home;3
519;86;7000000;4;6;5500;Sea Cliff Ave;Castro, San Francisco, CA;https://loremflickr.com/320/240/home;61
520;86;7000000;4;6;5500;Sea Cliff Ave;Castro, San Francisco, CA;https://loremflickr.com/320/240/home;92
521;86;7000000;4;6;5500;Sea Cliff Ave;Castro, San Francisco, CA;https://loremflickr.com/320/240/home;53
522;86;7000000;4;6;5500;Sea Cliff Ave;Castro, San Francisco, CA;https://loremflickr.com/320/240/home;30
523;86;7000000;4;6;5500;Sea Cliff Ave;Castro, San Francisco, CA;https://loremflickr.com/320/240/home;83
524;86;7000000;4;6;5500;Sea Cliff Ave;Castro, San Francisco, CA;https://loremflickr.com/320/240/home;69
525;86;7000000;4;6;5500;Sea Cliff Ave;Castro, San Francisco, CA;https://loremflickr.com/320/240/home;21
526;86;7000000;4;6;5500;Sea Cliff Ave;Castro, San Francisco, CA;https://loremflickr.com/320/240/home;59
527;87;6000000;3;4;4000;Marina Blvd;Pacific Heights, San Francisco, CA;https://loremflickr.com/320/240/home;91
528;87;6000000;3;4;4000;Marina Blvd;Pacific Heights, San Francisco, CA;https://loremflickr.com/320/240/home;79
529;87;6000000;3;4;4000;Marina Blvd;Pacific Heights, San Francisco, CA;https://loremflickr.com/320/240/home;32
530;87;6000000;3;4;4000;Marina Blvd;Pacific Heights, San Francisco, CA;https://loremflickr.com/320/240/home;95
531;87;6000000;3;4;4000;Marina Blvd;Pacific Heights, San Francisco, CA;https://loremflickr.com/320/240/home;55
532;87;6000000;3;4;4000;Marina Blvd;Pacific Heights, San Francisco, CA;https://loremflickr.com/320/240/home;60
533;87;6000000;3;4;4000;Marina Blvd;Pacific Heights, San Francisco, CA;https://loremflickr.com/320/240/home;78
534;87;6000000;3;4;4000;Marina Blvd;Pacific Heights, San Francisco, CA;https://loremflickr.com/320/240/home;21
535;87;6000000;3;4;4000;Marina Blvd;Pacific Heights, San Francisco, CA;https://loremflickr.com/320/240/home;52
536;87;6000000;3;4;4000;Marina Blvd;Pacific Heights, San Francisco, CA;https://loremflickr.com/320/240/home;48
537;87;6000000;3;4;4000;Marina Blvd;Pacific Heights, San Francisco, CA;https://loremflickr.com/320/240/home;5
538;88;9000000;5;4;4000;Glenbrook Ave;Noe Valley, San Francisco, CA;https://loremflickr.com/320/240/home;98
539;88;9000000;5;4;4000;Glenbrook Ave;Noe Valley, San Francisco, CA;https://loremflickr.com/320/240/home;62
540;89;7000000;3;3;5500;Sea Cliff Ave;Noe Valley, San Francisco, CA;https://loremflickr.com/320/240/home;30
541;89;7000000;3;3;5500;Sea Cliff Ave;Noe Valley, San Francisco, CA;https://loremflickr.com/320/240/home;22
542;89;7000000;3;3;5500;Sea Cliff Ave;Noe Valley, San Francisco, CA;https://loremflickr.com/320/240/home;72
543;89;7000000;3;3;5500;Sea Cliff Ave;Noe Valley, San Francisco, CA;https://loremflickr.com/320/240/home;16
544;90;9000000;3;6;5500;Glenbrook Ave;Pacific Heights, San Francisco, CA;https://loremflickr.com/320/240/home;82
545;90;9000000;3;6;5500;Glenbrook Ave;Pacific Heights, San Francisco, CA;https://loremflickr.com/320/240/home;92
546;90;9000000;3;6;5500;Glenbrook Ave;Pacific Heights, San Francisco, CA;https://loremflickr.com/320/240/home;25
547;90;9000000;3;6;5500;Glenbrook Ave;Pacific Heights, San Francisco, CA;https://loremflickr.com/320/240/home;28
548;90;9000000;3;6;5500;Glenbrook Ave;Pacific Heights, San Francisco, CA;https://loremflickr.com/320/240/home;59
549;90;9000000;3;6;5500;Glenbrook Ave;Pacific Heights, San Francisco, CA;https://loremflickr.com/320/240/home;25
550;91;6000000;3;5;4500;Glenbrook Ave;Pacific Heights, San Francisco, CA;https://loremflickr.com/320/240/home;47
551;91;6000000;3;5;4500;Glenbrook Ave;Pacific Heights, San Francisco, CA;https://loremflickr.com/320/240/home;11
552;91;6000000;3;5;4500;Glenbrook Ave;Pacific Heights, San Francisco, CA;https://loremflickr.com/320/240/home;64
553;92;10000000;5;6;3500;Glenbrook Ave;Pacific Heights, San Francisco, CA;https://loremflickr.com/320/240/home;82
554;92;10000000;5;6;3500;Glenbrook Ave;Pacific Heights, San Francisco, CA;https://loremflickr.com/320/240/home;52
555;92;10000000;5;6;3500;Glenbrook Ave;Pacific Heights, San Francisco, CA;https://loremflickr.com/320/240/home;65
556;92;10000000;5;6;3500;Glenbrook Ave;Pacific Heights, San Francisco, CA;https://loremflickr.com/320/240/home;3
557;92;10000000;5;6;3500;Glenbrook Ave;Pacific Heights, San Francisco, CA;https://loremflickr.com/320/240/home;42
558;92;10000000;5;6;3500;Glenbrook Ave;Pacific Heights, San Francisco, CA;https://loremflickr.com/320/240/home;6
559;92;10000000;5;6;3500;Glenbrook Ave;Pacific Heights, San Francisco, CA;https://loremflickr.com/320/240/home;91
560;93;7000000;6;3;4500;Sea Cliff Ave;Bernal Heights, San Francisco, CA;https://loremflickr.com/320/240/home;77
561;93;7000000;6;3;4500;Sea Cliff Ave;Bernal Heights, San Francisco, CA;https://loremflickr.com/320/240/home;6
562;93;7000000;6;3;4500;Sea Cliff Ave;Bernal Heights, San Francisco, CA;https://loremflickr.com/320/240/home;17
563;93;7000000;6;3;4500;Sea Cliff Ave;Bernal Heights, San Francisco, CA;https://loremflickr.com/320/240/home;12
564;94;7000000;5;6;3500;Glenbrook Ave;Pacific Heights, San Francisco, CA;https://loremflickr.com/320/240/home;96
565;94;7000000;5;6;3500;Glenbrook Ave;Pacific Heights, San Francisco, CA;https://loremflickr.com/320/240/home;57
566;94;7000000;5;6;3500;Glenbrook Ave;Pacific Heights, San Francisco, CA;https://loremflickr.com/320/240/home;66
567;94;7000000;5;6;3500;Glenbrook Ave;Pacific Heights, San Francisco, CA;https://loremflickr.com/320/240/home;88
568;95;8000000;4;6;4500;Sea Cliff Ave;Pacific Heights, San Francisco, CA;https://loremflickr.com/320/240/home;58
569;95;8000000;4;6;4500;Sea Cliff Ave;Pacific Heights, San Francisco, CA;https://loremflickr.com/320/240/home;75
570;95;8000000;4;6;4500;Sea Cliff Ave;Pacific Heights, San Francisco, CA;https://loremflickr.com/320/240/home;49
571;95;8000000;4;6;4500;Sea Cliff Ave;Pacific Heights, San Francisco, CA;https://loremflickr.com/320/240/home;98
572;95;8000000;4;6;4500;Sea Cliff Ave;Pacific Heights, San Francisco, CA;https://loremflickr.com/320/240/home;95
573;95;8000000;4;6;4500;Sea Cliff Ave;Pacific Heights, San Francisco, CA;https://loremflickr.com/320/240/home;41
574;95;8000000;4;6;4500;Sea Cliff Ave;Pacific Heights, San Francisco, CA;https://loremflickr.com/320/240/home;23
575;96;8000000;3;5;4000;Sea Cliff Ave;Bernal Heights, San Francisco, CA;https://loremflickr.com/320/240/home;58
576;96;8000000;3;5;4000;Sea Cliff Ave;Bernal Heights, San Francisco, CA;https://loremflickr.com/320/240/home;85
577;96;8000000;3;5;4000;Sea Cliff Ave;Bernal Heights, San Francisco, CA;https://loremflickr.com/320/240/home;86
578;96;8000000;3;5;4000;Sea Cliff Ave;Bernal Heights, San Francisco, CA;https://loremflickr.com/320/240/home;58
579;97;9000000;4;2;4500;Presidio Ter;Seacliff, San Francisco, CA;https://loremflickr.com/320/240/home;72
580;97;9000000;4;2;4500;Presidio Ter;Seacliff, San Francisco, CA;https://loremflickr.com/320/240/home;72
581;97;9000000;4;2;4500;Presidio Ter;Seacliff, San Francisco, CA;https://loremflickr.com/320/240/home;54
582;98;9000000;5;6;4000;Marina Blvd;Pacific Heights, San Francisco, CA;https://loremflickr.com/320/240/home;78
583;98;9000000;5;6;4000;Marina Blvd;Pacific Heights, San Francisco, CA;https://loremflickr.com/320/240/home;99
584;98;9000000;5;6;4000;Marina Blvd;Pacific Heights, San Francisco, CA;https://loremflickr.com/320/240/home;1
585;98;9000000;5;6;4000;Marina Blvd;Pacific Heights, San Francisco, CA;https://loremflickr.com/320/240/home;90
586;98;9000000;5;6;4000;Marina Blvd;Pacific Heights, San Francisco, CA;https://loremflickr.com/320/240/home;24
587;98;9000000;5;6;4000;Marina Blvd;Pacific Heights, San Francisco, CA;https://loremflickr.com/320/240/home;71
588;99;10000000;3;6;4000;Sea Cliff Ave;Pacific Heights, San Francisco, CA;https://loremflickr.com/320/240/home;74
589;99;10000000;3;6;4000;Sea Cliff Ave;Pacific Heights, San Francisco, CA;https://loremflickr.com/320/240/home;80
590;99;10000000;3;6;4000;Sea Cliff Ave;Pacific Heights, San Francisco, CA;https://loremflickr.com/320/240/home;7
591;100;9000000;6;6;3500;Glenbrook Ave;Castro, San Francisco, CA;https://loremflickr.com/320/240/home;29
592;100;9000000;6;6;3500;Glenbrook Ave;Castro, San Francisco, CA;https://loremflickr.com/320/240/home;75
593;100;9000000;6;6;3500;Glenbrook Ave;Castro, San Francisco, CA;https://loremflickr.com/320/240/home;32
594;100;9000000;6;6;3500;Glenbrook Ave;Castro, San Francisco, CA;https://loremflickr.com/320/240/home;94
595;100;9000000;6;6;3500;Glenbrook Ave;Castro, San Francisco, CA;https://loremflickr.com/320/240/home;90
